frame_index,iter,area,first_coordination,g_first_peak,dominant_coordination,g_peak
0,0,2.486215570167354,0.8645833333333333,0.4240148700363222,1.8645833333333333,4.831962722080552
1,25,2.4667749755617936,0.8645833333333333,1.6747322194645617,1.90625,4.478776840930656
2,50,2.5088749099743235,0.8645833333333333,0.42723675376198283,1.9270833333333333,4.041996899542046
3,75,2.5545522989457448,0.8854166666666666,1.6504635040718298,1.8645833333333333,4.187026942131407
4,100,2.604534238624299,0.8854166666666666,0.4206332036192718,1.8854166666666667,4.823954628687002
